﻿pos_x,pos_y,rotation,side,designator,mpn,pack,value,mount_type,place
141.475,-104.45,180.0,bottom,B1,1056TR,CR1220-2,CR1220,tht,True
167.03,-78.25,0.0,top,C1,,C_0805_2012Metric,10uF,smt,True
166.76,-107.79,0.0,top,C2,,C_0603_1608Metric,100nF,smt,True
172.76,-107.79,0.0,top,C3,,C_0603_1608Metric,100nF,smt,True
173.16,-99.905,90.0,top,C4,,C_0603_1608Metric,0.1uF,smt,True
171.26,-99.905,90.0,top,C5,,C_0603_1608Metric,10nF,smt,True
169.66,-103.905,90.0,top,C6,,C_0603_1608Metric,2.2uF,smt,True
178.609999,-102.315001,0.0,top,C7,,C_0603_1608Metric,10uF,smt,True
178.209999,-108.715001,0.0,top,C8,,C_0603_1608Metric,10uF,smt,True
137.53,-114.75,0.0,top,FD1,,FIDUCIAL-MICRO,FIDUCIALUFIDUCIAL,tht,True
145.93,-67.75,0.0,top,FD2,,FIDUCIAL-MICRO,FIDUCIALUFIDUCIAL,tht,True
163.96,-109.39,0.0,top,FD3,,FIDUCIAL-MICRO,FIDUCIALUFIDUCIAL,tht,True
181.93,-109.55,0.0,top,FD4,,FIDUCIAL-MICRO,FIDUCIALUFIDUCIAL,tht,True
133.43,-115.05,0.0,top,FRAME1,,CREATIVE_COMMONS,FRAME-LETTER,tht,True
181.9011,-95.6636,0.0,top,H1,,STAND-OFF-TIGHT,STAND-OFFTIGHT,tht,True
181.9011,-113.4436,0.0,top,H2,,STAND-OFF-TIGHT,STAND-OFFTIGHT,tht,True
128.5611,-113.4436,0.0,top,H3,,STAND-OFF-TIGHT,STAND-OFFTIGHT,tht,True
128.5611,-95.6636,0.0,top,H4,,STAND-OFF-TIGHT,STAND-OFFTIGHT,tht,True
178.07,-114.73,180.0,top,J1,,1X16_SM_SQ_NOSILK,CONN_161X16_SM_SQ_NOSILK,tht,True
177.56,-98.7467,180.0,bottom,J2,,JST04_1MM_RA,QWIIC_RA,tht,True
178.06,-94.36,180.0,top,J3,,1X12_SM_SQ_NOSILK,CONN_12SM_SQ_NO_SILK,tht,True
182.33,-87.98,180.0,top,L1,LTST-S270KGKT,LED_0603_1608Metric,LTST-S270KGKT,smt,True
182.35,-86.27,180.0,top,L2,LTST-S270KRKT,LED_0603_1608Metric,LTST-S270KRKT,smt,True
182.35,-84.57,180.0,top,L3,LTST-S270KGKT,LED_0603_1608Metric,LTST-S270KGKT,smt,True
137.34,-74.95,0.0,top,LOGO2,,OSHW-Logo2_14.6x12mm_SilkScreen,OSHW-LOGOS,tht,True
178.87,-87.94,0.0,top,R1,,R_0603_1608Metric,2.2K,smt,True
178.92,-86.28,0.0,top,R2,,R_0603_1608Metric,2.2K,smt,True
178.98,-84.55,0.0,top,R3,,R_0603_1608Metric,2.2K,smt,True
177.72,-96.68,180.0,bottom,R4,,R_0603_1608Metric,DNP,smt,True
174.53,-96.66,180.0,bottom,R5,,R_0603_1608Metric,DNP,smt,True
179.3,-86.25,-90.0,bottom,SW1,,JS102011SAQN,JS102011SAQN,smt,True
169.76,-108.39,0.0,top,U1,BMP390,LGA10_BMP390_BOS,BMP390,smt,True
156.33,-76.35,-90.0,top,U2,SAM-M10Q-00B,MODULE_SAM-M8Q-0-10,SAM-M10Q,smt,True
172.26,-103.105,180.0,top,U3,ICM-42688-P,PQFN50P300X250X97-14N,ICM-42688-P,smt,True
177.809999,-105.515001,90.0,top,U4,MMC5983MA,MMC5983MA_MEM,MMC5983MA,smt,True
179.22,-75.4,180.0,bottom,X1,S2B-PH-SM4-TB,JSTPH2,JSTPH,tht,True
