﻿designator,quantity,value,pack,mpn,mount_type
B1,1,CR1220,CR1220-2,1056TR,tht
C1,1,10uF,C_0805_2012Metric,,smt
"C2, C3",2,100nF,C_0603_1608Metric,,smt
C4,1,0.1uF,C_0603_1608Metric,,smt
C5,1,10nF,C_0603_1608Metric,,smt
C6,1,2.2uF,C_0603_1608Metric,,smt
"C7, C8",2,10uF,C_0603_1608Metric,,smt
"FD1, FD2, FD3, FD4",4,FIDUCIALUFIDUCIAL,FIDUCIAL-MICRO,,tht
FRAME1,1,FRAME-LETTER,CREATIVE_COMMONS,,tht
"H1, H2, H3, H4",4,STAND-OFFTIGHT,STAND-OFF-TIGHT,,tht
J1,1,CONN_161X16_SM_SQ_NOSILK,1X16_SM_SQ_NOSILK,,tht
J2,1,QWIIC_RA,JST04_1MM_RA,,tht
J3,1,CONN_12SM_SQ_NO_SILK,1X12_SM_SQ_NOSILK,,tht
"L1, L3",2,LTST-S270KGKT,LED_0603_1608Metric,LTST-S270KGKT,smt
L2,1,LTST-S270KRKT,LED_0603_1608Metric,LTST-S270KRKT,smt
LOGO2,1,OSHW-LOGOS,OSHW-Logo2_14.6x12mm_SilkScreen,,tht
"R1, R2, R3",3,2.2K,R_0603_1608Metric,,smt
"R4, R5",2,DNP,R_0603_1608Metric,,smt
SW1,1,JS102011SAQN,JS102011SAQN,,smt
U1,1,BMP390,LGA10_BMP390_BOS,BMP390,smt
U2,1,SAM-M10Q,MODULE_SAM-M8Q-0-10,SAM-M10Q-00B,smt
U3,1,ICM-42688-P,PQFN50P300X250X97-14N,ICM-42688-P,smt
U4,1,MMC5983MA,MMC5983MA_MEM,MMC5983MA,smt
X1,1,JSTPH,JSTPH2,S2B-PH-SM4-TB,tht
